{
    "id": "20240118_014013_67_2415",
    "type": "Feature",
    "geometry": {
        "type": "Polygon",
        "coordinates": [
            [
                [
                    121.042224,
                    14.642819
                ],
                [
                    121.042224,
                    14.667051
                ],
                [
                    121.078047,
                    14.667051
                ],
                [
                    121.078047,
                    14.642819
                ],
                [
                    121.042224,
                    14.642819
                ]
            ]
        ]
    },
    "properties": {
        "acquired": "2024-01-18T01:40:13.675692Z",
        "anomalous_pixels": 0,
        "clear_confidence_percent": 96,
        "clear_percent": 100,
        "cloud_cover": 0.0,
        "cloud_percent": 0,
        "ground_control": true,
        "gsd": 3.8,
        "heavy_haze_percent": 0,
        "instrument": "PSB.SD",
        "item_type": "PSScene",
        "light_haze_percent": 0,
        "pixel_resolution": 3,
        "provider": "planetscope",
        "published": "2024-01-18T12:32:12Z",
        "publishing_stage": "finalized",
        "quality_category": "standard",
        "satellite_azimuth": 115.2,
        "satellite_id": "2415",
        "shadow_percent": 0,
        "snow_ice_percent": 0,
        "strip_id": "7048585",
        "sun_azimuth": 133.8,
        "sun_elevation": 39.8,
        "updated": "2024-01-19T04:16:52Z",
        "view_angle": 0.3,
        "visible_confidence_percent": 96,
        "visible_percent": 100
    }
}