{
  "type": "Feature",
  "stac_version": "1.0.0",
  "id": "20240118_014013_67_2415",
  "properties": {
    "updated": "2024-01-19T04:16:52Z",
    "created": "2024-01-18T12:32:12Z",
    "gsd": 3.8,
    "constellation": "planetscope",
    "platform": "2415",
    "instruments": [
      "PSB.SD"
    ],
    "eo:cloud_cover": 0,
    "view:off_nadir": 0.3,
    "view:azimuth": 115.2,
    "view:sun_azimuth": 133.8,
    "view:sun_elevation": 39.8,
    "pl:ground_control": true,
    "pl:item_type": "PSScene",
    "pl:pixel_resolution": 3,
    "pl:publishing_stage": "finalized",
    "pl:quality_category": "standard",
    "pl:strip_id": "7048585",
    "published": "2024-01-18T12:32:12Z",
    "datetime": "2024-01-18T01:40:13.675692Z"
  },
  "geometry": {
    "type": "Polygon",
    "coordinates": [
      [
        [
          121.042224,
          14.642819
        ],
        [
          121.042224,
          14.667051
        ],
        [
          121.078047,
          14.667051
        ],
        [
          121.078047,
          14.642819
        ],
        [
          121.042224,
          14.642819
        ]
      ]
    ]
  },
  "links": [
    {
      "rel": "root",
      "href": "../catalog.json",
      "type": "application/json"
    },
    {
      "rel": "collection",
      "href": "./PSScene_collection.json",
      "type": "application/json"
    },
    {
      "rel": "parent",
      "href": "./PSScene_collection.json",
      "type": "application/json"
    }
  ],
  "assets": {
    "20240118_014013_67_2415_metadata_json": {
      "href": "./20240118_014013_67_2415_metadata.json",
      "type": "application/json",
      "roles": [
        "metadata"
      ]
    },
    "20240118_014013_67_2415_3B_AnalyticMS_metadata_clip_xml": {
      "href": "./20240118_014013_67_2415_3B_AnalyticMS_metadata_clip.xml",
      "type": "text/xml",
      "pl:asset_type": "ortho_analytic_4b_xml",
      "pl:bundle_type": "analytic_sr_udm2",
      "roles": [
        "metadata"
      ]
    },
    "20240118_014013_67_2415_3B_udm2_clip_tif": {
      "href": "./20240118_014013_67_2415_3B_udm2_clip.tif",
      "type": "image/tiff; application=geotiff; profile=cloud-optimized",
      "pl:asset_type": "ortho_udm2",
      "pl:bundle_type": "analytic_sr_udm2",
      "raster:bands": [
        {
          "data_type": "uint8",
          "spatial_resolution": 3.0,
          "statistics": {
            "minimum": 0.0,
            "maximum": 1.0
          }
        },
        {
          "data_type": "uint8",
          "spatial_resolution": 3.0,
          "statistics": {
            "minimum": 0.0,
            "maximum": 0.0
          }
        },
        {
          "data_type": "uint8",
          "spatial_resolution": 3.0,
          "statistics": {
            "minimum": 0.0,
            "maximum": 0.0
          }
        },
        {
          "data_type": "uint8",
          "spatial_resolution": 3.0,
          "statistics": {
            "minimum": 0.0,
            "maximum": 0.0
          }
        },
        {
          "data_type": "uint8",
          "spatial_resolution": 3.0,
          "statistics": {
            "minimum": 0.0,
            "maximum": 0.0
          }
        },
        {
          "data_type": "uint8",
          "spatial_resolution": 3.0,
          "statistics": {
            "minimum": 0.0,
            "maximum": 0.0
          }
        },
        {
          "data_type": "uint8",
          "spatial_resolution": 3.0,
          "statistics": {
            "minimum": 0.0,
            "maximum": 98.0
          }
        },
        {
          "data_type": "uint8",
          "spatial_resolution": 3.0,
          "statistics": {
            "minimum": 0.0,
            "maximum": 1.0
          }
        }
      ],
      "eo:bands": [
        {
          "name": "B1",
          "description": "Clear map (0: not clear, 1: clear)"
        },
        {
          "name": "B2",
          "description": "Snow map (0: no snow or ice, 1: snow or ice)"
        },
        {
          "name": "B3",
          "description": "Shadow map (0: no shadow, 1: shadow)"
        },
        {
          "name": "B4",
          "description": "Light haze map (0: no light haze, 1: light haze)"
        },
        {
          "name": "B5",
          "description": "Heavy haze map (0: no heavy haze, 1: heavy haze)"
        },
        {
          "name": "B6",
          "description": "Cloud map (0: no cloud, 1: cloud)"
        },
        {
          "name": "B7",
          "description": "Confidence map (percentage value: per-pixel algorithmic confidence in classification)"
        },
        {
          "name": "B8",
          "description": "Unusable pixels"
        }
      ],
      "proj:epsg": 32651,
      "proj:bbox": [
        289143.0,
        1619697.0,
        293028.0,
        1622415.0
      ],
      "proj:shape": [
        906,
        1295
      ],
      "proj:transform": [
        3.0,
        0.0,
        289143.0,
        0.0,
        -3.0,
        1622415.0,
        0.0,
        0.0,
        1.0
      ],
      "roles": [
        "data",
        "snow-ice",
        "cloud",
        "cloud-shadow"
      ]
    },
    "20240118_014013_67_2415_3B_AnalyticMS_SR_harmonized_clip_tif": {
      "href": "./20240118_014013_67_2415_3B_AnalyticMS_SR_harmonized_clip.tif",
      "type": "image/tiff",
      "pl:asset_type": "ortho_analytic_4b_sr",
      "pl:bundle_type": "analytic_sr_udm2",
      "raster:bands": [
        {
          "nodata": 0.0,
          "data_type": "uint16",
          "spatial_resolution": 3.0,
          "statistics": {
            "minimum": 161.0,
            "maximum": 6805.0
          },
          "scale": 0.0001
        },
        {
          "nodata": 0.0,
          "data_type": "uint16",
          "spatial_resolution": 3.0,
          "statistics": {
            "minimum": 245.0,
            "maximum": 8355.0
          },
          "scale": 0.0001
        },
        {
          "nodata": 0.0,
          "data_type": "uint16",
          "spatial_resolution": 3.0,
          "statistics": {
            "minimum": 199.0,
            "maximum": 13684.0
          },
          "scale": 0.0001
        },
        {
          "nodata": 0.0,
          "data_type": "uint16",
          "spatial_resolution": 3.0,
          "statistics": {
            "minimum": 460.0,
            "maximum": 16819.0
          },
          "scale": 0.0001
        }
      ],
      "eo:bands": [
        {
          "name": "Blue",
          "common_name": "blue",
          "center_wavelength": 0.49,
          "full_width_half_max": 0.05
        },
        {
          "name": "Green",
          "common_name": "green",
          "center_wavelength": 0.565,
          "full_width_half_max": 0.036
        },
        {
          "name": "Red",
          "common_name": "red",
          "center_wavelength": 0.665,
          "full_width_half_max": 0.03
        },
        {
          "name": "Near-Infrared",
          "common_name": "nir",
          "center_wavelength": 0.865,
          "full_width_half_max": 0.04
        }
      ],
      "proj:epsg": 32651,
      "proj:bbox": [
        289143.0,
        1619697.0,
        293028.0,
        1622415.0
      ],
      "proj:shape": [
        906,
        1295
      ],
      "proj:transform": [
        3.0,
        0.0,
        289143.0,
        0.0,
        -3.0,
        1622415.0,
        0.0,
        0.0,
        1.0
      ],
      "roles": [
        "data",
        "reflectance"
      ]
    }
  },
  "bbox": [
    121.042224,
    14.642819,
    121.078047,
    14.667051
  ],
  "stac_extensions": [
    "https://stac-extensions.github.io/eo/v1.0.0/schema.json",
    "https://stac-extensions.github.io/view/v1.0.0/schema.json",
    "https://stac-extensions.github.io/raster/v1.1.0/schema.json",
    "https://stac-extensions.github.io/projection/v1.1.0/schema.json"
  ],
  "collection": "5bb882c5-5ef1-42e7-9535-274901020095: PSScene"
}